Gene.primaryIdentifier	chromosome	position	mutation	type	mutant_sample	genic	exonic	intronic	intergenic	utr5	utr3	fold0	fold4	fold2	fold3	CDS	mRNA	rRNA	tRNA	FPKM	Nonsyn_V_Syn	X	nessID	FPKM_per_transcript	cluster	expressed	expressed_genes	perrineau	perrineau_genes
g88	chromosome_1	678032	T>A	SNP	./S26/	1	1	0	0	1	0	0	0	0	0	0	1	0	0	0.457298757	n/a	265	26904017	0.457298756	non-cluster	0	NA	0	NA
Cre01.g009750	chromosome_1	1815972	A>G	SNP	./S30/	1	1	0	0	0	1	0	0	0	0	0	1	0	0	0.318886874	n/a	247	26903734	0.318886876	non-cluster	0	NA	0	NA
Cre01.g012700	chromosome_1	2318299	G>A	SNP	./S31/	1	0	1	0	0	0	0	0	0	0	0	1	0	0	.	n/a	261	26903906	22.24497795	non-cluster	1	['26903906']	0	NA
Cre01.g012700	chromosome_1	2326644	G>A	SNP	./S21/	1	1	0	0	0	1	0	0	0	0	0	1	0	0	22.24497799	n/a	261	26903906	22.24497795	non-cluster	1	['26903906']	0	NA
Cre01.g012900	chromosome_1	2355468	T>A	SNP	./S26/	1	1	0	0	0	0	1	0	0	0	1	1	0	0	0.876146117	nonsynonymous	257	26903837	0.876146138	non-cluster	0	NA	0	NA
Cre01.g015200	chromosome_1	2615733	A>AC	indel	./S21/	1	0	1	0	0	0	0	0	0	0	0	1	0	0	.	n/a	266	26904033	2.58381319	non-cluster	1	['26904033']	0	NA
Cre01.g016350	chromosome_1	2758843	C>T	SNP	./S29	1	1	0	0	0	1	0	0	0	0	0	1	0	0	16.55518366	n/a	276	26904181	16.55518341	non-cluster	1	['26904181']	0	NA
Cre01.g024800	chromosome_1	3843136	T>A	SNP	./S21/	1	0	1	0	0	0	0	0	0	0	0	1	0	0	.	n/a	262	26903915	1.164348125	non-cluster	1	['26903915']	0	NA
Cre01.g026250	chromosome_1	4034111	T>C	SNP	./S25/	1	0	1	0	0	0	0	0	0	0	0	1	0	0	.	n/a	233	26903493	2.282140732	non-cluster	1	['26903493']	0	NA
Cre01.g026650	chromosome_1	4070451	G>A	SNP	SL2	1	0	1	0	0	0	0	0	0	0	1	0	0	0	2.16115403	n/a	263	26903949	2.161154032	non-cluster	1	['26903949']	1	['Cre01.g026650']
Cre01.g038350	chromosome_1	5452564	C>A	SNP	./S26/	1	1	0	0	0	0	1	0	0	0	1	1	0	0	0.321129148	nonsynonymous	210	26902980	0.321129143	non-cluster	0	NA	0	NA
Cre01.g039000	chromosome_1	5514944	C>T	SNP	./S26/	1	1	0	0	0	1	0	0	0	0	0	1	0	0	0.113169591	n/a	228	26903331	0.113169588	non-cluster	0	NA	0	NA
Cre01.g039550	chromosome_1	5565658	C>A	SNP	./S26/	1	1	0	0	0	0	0	1	0	0	1	1	0	0	2.237749085	synonymous	232	26903476	2.2377491	non-cluster	1	['26903476']	0	NA
	chromosome_1	6025804	G>T	SNP	./S26/	0	0	0	1	0	0	0	0	0	0	0	0	0	0	.	n/a	NA	NA	NA	non-cluster	0	NA	0	NA
Cre01.g051750	chromosome_1	7198961	G>A	SNP	./S21/	1	0	1	0	0	0	0	0	0	0	0	1	0	0	.	n/a	280	26904255	4.689743519	non-cluster	1	['26904255']	0	NA
Cre01.g051950	chromosome_1	7223914	G>A	SNP	./S29	1	0	1	0	0	0	0	0	0	0	0	1	0	0	.	n/a	264	26904006	15.80494022	non-cluster	1	['26904006']	0	NA
g10392	chromosome_10	291391	A>G	SNP	./S26/	1	1	0	0	0	1	0	0	0	0	0	1	0	0	0	n/a	290	26904948	0	non-cluster	0	NA	0	NA
Cre10.g422850	chromosome_10	757061	G>A	SNP	./S26/	1	0	1	0	0	0	0	0	0	0	0	1	0	0	.	n/a	287	26904762	1.185490847	non-cluster	1	['26904762']	0	NA
Cre10.g425450	chromosome_10	1090320	C>CGG	indel	./S26/	1	1	0	0	0	1	0	0	0	0	0	1	0	0	0.406999698	n/a	294	26905240	0.406999707	non-cluster	0	NA	0	NA
Cre10.g427950	chromosome_10	1385849	A>G	SNP	./S25/	1	1	0	0	0	1	0	0	0	0	0	1	0	0	8.942841206	n/a	282	26904450	8.94284153	non-cluster	1	['26904450']	0	NA
Cre10.g429350	chromosome_10	1585416	G>A	SNP	./S21/	1	1	0	0	0	0	0	0	1	0	1	1	0	0	1.814023876	synonymous	283	26904536	1.814023852	non-cluster	1	['26904536']	0	NA
Cre10.g432150	chromosome_10	1944534	G>A	SNP	./S21/	1	1	0	0	0	0	1	0	0	0	1	1	0	0	0.812070736	nonsynonymous	289	26904898	0.812070727	non-cluster	0	NA	0	NA
Cre10.g440600	chromosome_10	2974075	C>CA	indel	./S29	1	1	0	0	0	0	1	0	0	0	1	1	0	0	0.582091988	n/a	296	26905366	0.582091987	non-cluster	0	NA	0	NA
Cre10.g440600	chromosome_10	2974077	C>CACACACAGCAGCTGGAG	indel	./S29	1	1	0	0	0	0	0	1	0	0	1	1	0	0	0.582091988	n/a	296	26905366	0.582091987	cluster	0	NA	0	NA
Cre10.g441200	chromosome_10	3029569	C>T	SNP	./S21/	1	1	0	0	0	0	0	0	1	0	1	1	0	0	27.03047149	synonymous	286	26904676	27.0304718	non-cluster	1	['26904676']	0	NA
Cre10.g444000	chromosome_10	3363411	A>C	SNP	SL2	1	0	1	0	0	0	0	0	0	0	1	0	0	0	67.20088196	n/a	288	26904853	67.20088196	non-cluster	1	['26904853']	1	['Cre10.g444000']
g10973	chromosome_10	3684696	G>A	SNP	./S26/	1	1	0	0	0	0	0	1	0	0	1	1	0	0	0.659949227	synonymous	295	26905299	0.659949243	non-cluster	0	NA	0	NA
g11096	chromosome_10	4436828	T>G	SNP	./S31/	1	1	0	0	0	0	1	0	0	0	1	1	0	0	0.000576828	nonsynonymous	284	26904667	2.819604158	non-cluster	1	['26904667']	0	NA
Cre10.g451850	chromosome_10	4492897	C>A	SNP	./S25/	1	0	1	0	0	0	0	0	0	0	0	1	0	0	.	n/a	293	26905047	0.757187247	non-cluster	0	NA	0	NA
Cre10.g453807	chromosome_10	4791514	G>T	SNP	./S26/	1	0	1	0	0	0	0	0	0	0	0	1	0	0	.	n/a	292	26905022	30.72857285	non-cluster	1	['26905022']	0	NA
Cre11.g476200	chromosome_11	2560400	C>T	SNP	SL2	1	1	0	0	0	0	0	0	0	0	1	0	0	0	3.7081387	n/a	23	26890334	3.708138704	non-cluster	1	['26890334']	0	NA
Cre11.g479750	chromosome_11	3251735	A>T	SNP	./S26/	1	1	0	0	0	1	0	0	0	0	0	1	0	0	2.04904858	n/a	22	26890084	2.049048662	non-cluster	1	['26890084']	0	NA
Cre12.g484700	chromosome_12	172187	C>CA	indel	./S21/	1	1	0	0	0	1	0	0	0	0	0	1	0	0	73.33541714	n/a	309	26907040	73.3354187	non-cluster	1	['26907040']	0	NA
Cre12.g487600	chromosome_12	1478873	G>A	SNP	./S27/	1	0	1	0	0	0	0	0	0	0	0	1	0	0	.	n/a	321	26907722	0.657182097	non-cluster	0	NA	0	NA
Cre12.g511750	chromosome_12	1845232	C>A	SNP	./S29	1	1	0	0	0	0	1	0	0	0	1	1	0	0	9.107483053	nonsynonymous	314	26907398	9.10748291	non-cluster	1	['26907398']	1	['Cre12.g511750']
Cre12.g511100	chromosome_12	1897795	C>A	SNP	./S21/	1	0	1	0	0	0	0	0	0	0	0	1	0	0	.	n/a	307	26906793	7.356356144	non-cluster	1	['26906793']	0	NA
Cre12.g510850	chromosome_12	1917718	G>T	SNP	./S21/	1	1	0	0	0	0	1	0	0	0	1	1	0	0	16.73467123	nonsynonymous	320	26907715	16.73467064	non-cluster	1	['26907715']	0	NA
Cre12.g510200	chromosome_12	2012052	C>CA	indel	./S26/	1	1	0	0	0	1	0	0	0	0	0	1	0	0	20.46088039	n/a	310	26907138	20.46088028	non-cluster	1	['26907138']	0	NA
Cre12.g497800	chromosome_12	3316353	A>G	SNP	SL2	1	1	0	0	0	1	0	0	0	1	1	0	0	0	0.04295853	n/a	306	26906786	0.042958528	non-cluster	0	NA	0	NA
Cre12.g519550	chromosome_12	4285859	A>G	SNP	./S21/	1	1	0	0	0	1	0	0	0	0	0	1	0	0	0.955898238	n/a	322	26907779	0.955898225	non-cluster	0	NA	0	NA
Cre12.g521100	chromosome_12	4422749	C>T	SNP	./S21/	1	0	1	0	0	0	0	0	0	0	0	1	0	0	.	n/a	325	26907840	0.192327335	non-cluster	0	NA	0	NA
	chromosome_12	4489474	G>T	SNP	./S24	0	0	0	1	0	0	0	0	0	0	0	0	0	0	.	n/a	NA	NA	NA	non-cluster	0	NA	0	NA
Cre12.g524900	chromosome_12	4845617	T>G	SNP	./S25/	1	1	0	0	0	0	1	0	0	0	1	1	0	0	2.336759689	nonsynonymous	303	26906543	2.336759806	non-cluster	1	['26906543']	0	NA
Cre12.g528650	chromosome_12	5278161	T>A	SNP	SL2	1	1	0	0	0	0	0	0	0	0	1	0	0	0	3.07464933	n/a	311	26907222	3.074649334	non-cluster	1	['26907222']	0	NA
Cre12.g528800	chromosome_12	5287801	C>A	SNP	SL2	1	0	1	0	0	0	0	0	0	0	1	0	0	0	21.05353546	n/a	324	26907810	21.05353546	non-cluster	1	['26907810']	0	NA
Cre12.g529650	chromosome_12	5368937	T>C	SNP	./S26/	1	0	1	0	0	0	0	0	0	0	0	1	0	0	.	n/a	323	26907808	1454.463379	non-cluster	1	['26907808']	0	NA
Cre12.g536000	chromosome_12	6132911	G>A	SNP	./S21/	1	0	1	0	0	0	0	0	0	0	0	1	0	0	.	n/a	319	26907683	49.58599854	non-cluster	1	['26907683']	0	NA
Cre12.g560668	chromosome_12	6908467	G>T	SNP	./S26/	1	1	0	0	0	0	1	0	0	0	1	1	0	0	5.775562058	nonsynonymous	302	26906271	5.775562286	non-cluster	1	['26906271']	0	NA
Cre12.g556050	chromosome_12	7484761	T>C	SNP	SL2	1	1	0	0	0	0	0	0	0	0	1	0	0	0	99.61103058	n/a	305	26906731	99.61103058	non-cluster	1	['26906731']	0	NA
Cre12.g554750	chromosome_12	7642263	G>A	SNP	./S23/	1	1	0	0	0	0	0	1	0	0	1	1	0	0	50.02293245	synonymous	316	26907414	50.02293396	non-cluster	1	['26907414']	1	['Cre12.g554750']
Cre12.g545550	chromosome_12	8771346	T>C	SNP	./S21/	1	0	1	0	0	0	0	0	0	0	0	1	0	0	.	n/a	313	26907314	6.468470573	non-cluster	1	['26907314']	0	NA
Cre12.g542900	chromosome_12	9080278	A>C	SNP	./S21/	1	1	0	0	0	0	1	0	0	0	1	1	0	0	1.701074202	nonsynonymous	317	26907639	1.701074243	non-cluster	1	['26907639']	0	NA
Cre12.g542200	chromosome_12	9170674	C>G	SNP	./S26/	1	1	0	0	0	1	0	0	0	0	0	1	0	0	0.533414947	n/a	304	26906712	0.53341496	non-cluster	0	NA	0	NA
Cre12.g541800	chromosome_12	9211815	G>A	SNP	./S21/	1	0	1	0	0	0	0	0	0	0	0	1	0	0	.	n/a	315	26907409	4.574414253	non-cluster	1	['26907409']	0	NA
Cre12.g541000	chromosome_12	9303220	C>A	SNP	./S25/	1	1	0	0	0	1	0	0	0	0	0	1	0	0	0.282523872	n/a	326	26908089	0.28252387	non-cluster	0	NA	0	NA
	chromosome_13	1894074	G>A	SNP	./S26/	0	0	0	1	0	0	0	0	0	0	0	0	0	0	.	n/a	NA	NA	NA	non-cluster	0	NA	0	NA
Cre13.g578200	chromosome_13	2147435	G>A	SNP	./S24	1	1	0	0	0	1	0	0	0	0	0	1	0	0	0.372204193	n/a	138	26899222	0.372204185	non-cluster	0	NA	0	NA
g14272	chromosome_13	2586656	C>T	SNP	./S30/	1	1	0	0	0	1	0	0	0	0	0	1	0	0	4.367121216	n/a	133	26898469	5.337509155	non-cluster	1	['26898469']	0	NA
Cre13.g583250	chromosome_13	2851716	C>T	SNP	./S27/	1	1	0	0	0	1	0	0	0	0	0	1	0	0	4.44484113	n/a	137	26899221	4.444840908	non-cluster	1	['26899221']	0	NA
Cre13.g587450	chromosome_13	3440802	T>A	SNP	./S31/	1	0	1	0	0	0	0	0	0	0	0	1	0	0	.	n/a	136	26898785	1.984408259	non-cluster	1	['26898785']	0	NA
Cre13.g587450	chromosome_13	3440803	A>ATCCAT	indel	./S31/	1	0	1	0	0	0	0	0	0	0	0	1	0	0	.	n/a	136	26898785	1.984408259	cluster	1	['26898785']	0	NA
Cre13.g587450	chromosome_13	3440805	G>T	SNP	./S31/	1	0	1	0	0	0	0	0	0	0	0	1	0	0	.	n/a	136	26898785	1.984408259	cluster	1	['26898785']	0	NA
Cre13.g588100	chromosome_13	3550618	G>A	SNP	SL2	1	0	1	0	0	0	0	0	0	0	1	0	0	0	4.32724524	n/a	NA	NA	NA	non-cluster	0	NA	1	['Cre13.g588100']
Cre14.g608350	chromosome_14	103160	G>C	SNP	./S30/	1	1	0	0	0	1	0	0	0	0	0	1	0	0	0.075616838	n/a	26	26890944	0.075616837	non-cluster	0	NA	0	NA
	chromosome_14	2689109	A>T	SNP	./S27/	0	0	0	1	0	0	0	0	0	0	0	0	0	0	.	n/a	NA	NA	NA	non-cluster	0	NA	0	NA
g15117	chromosome_14	2924486	G>A	SNP	./S30/	1	1	0	0	0	0	1	0	0	0	1	1	0	0	15.53628852	nonsynonymous	25	26890715	15.53628826	non-cluster	1	['26890715']	0	NA
	chromosome_14	3555691	C>A	SNP	./S29	0	0	0	1	0	0	0	0	0	0	0	0	0	0	.	n/a	NA	NA	NA	non-cluster	0	NA	0	NA
Cre15.g634750	chromosome_15	87066	G>T	SNP	./S31/	1	1	0	0	0	1	0	0	0	0	0	1	0	0	14.65955923	n/a	131	26898346	14.65955925	non-cluster	1	['26898346']	0	NA
	chromosome_15	891268	T>G	SNP	./S30/	0	0	0	1	0	0	0	0	0	0	0	0	0	0	.	n/a	NA	NA	NA	non-cluster	0	NA	0	NA
Cre15.g639134	chromosome_15	968711	G>T	SNP	SL1	1	1	0	0	0	0	0	0	1	1	1	0	0	0	1.30680716	synonymous	130	26898314	1.30680716	non-cluster	1	['26898314']	0	NA
Cre16.g694750	chromosome_16	212411	T>A	SNP	./S21/	1	1	0	0	1	0	0	0	0	0	0	1	0	0	3.17794513	n/a	32	26892500	3.177945137	non-cluster	1	['26892500']	0	NA
Cre16.g661850	chromosome_16	2625693	A>T	SNP	./S21/	1	0	1	0	0	0	0	0	0	0	0	1	0	0	.	n/a	28	26891368	0.035247367	non-cluster	0	NA	0	NA
Cre16.g661850	chromosome_16	2625703	A>C	SNP	./S21/	1	0	1	0	0	0	0	0	0	0	0	1	0	0	.	n/a	28	26891368	0.035247367	cluster	0	NA	0	NA
g16004	chromosome_16	2769110	G>T	SNP	./S21/	1	0	1	0	0	0	0	0	0	0	0	1	0	0	.	n/a	29	26891738	6.431564808	non-cluster	1	['26891738']	1	['g16004']
	chromosome_16	3830880	G>A	SNP	./S30/	0	0	0	1	0	0	0	0	0	0	0	0	0	0	.	n/a	NA	NA	NA	non-cluster	0	NA	0	NA
Cre16.g674050	chromosome_16	6360070	T>A	SNP	./S27/	1	1	0	0	0	1	0	0	0	0	0	1	0	0	1.768292005	n/a	30	26891866	1.76829195	non-cluster	1	['26891866']	0	NA
	chromosome_17	10302	T>A	SNP	./S26/	0	0	0	1	0	0	0	0	0	0	0	0	0	0	.	n/a	NA	NA	NA	non-cluster	0	NA	0	NA
Cre17.g710700	chromosome_17	1941063	G>A	SNP	./S29	1	0	1	0	0	0	0	0	0	0	0	1	0	0	.	n/a	93	26896252	2.284948349	non-cluster	1	['26896252']	0	NA
	chromosome_17	2472289	T>A	SNP	SL2	0	0	0	1	0	0	0	0	0	0	0	0	0	0		n/a	NA	NA	NA	non-cluster	0	NA	0	NA
Cre17.g717850	chromosome_17	2691010	G>T	SNP	./S26/	1	1	0	0	0	1	0	0	0	0	0	1	0	0	120.3290736	n/a	109	26897317	120.329071	non-cluster	1	['26897317']	1	['Cre17.g717850']
Cre17.g718600	chromosome_17	2777078	G>A	SNP	./S21/	1	0	1	0	0	0	0	0	0	0	0	1	0	0	.	n/a	108	26897285	3.210448027	non-cluster	1	['26897285']	0	NA
g17455	chromosome_17	3128795	T>A	SNP	./S26/	1	1	0	0	0	1	0	0	0	0	0	1	0	0	14.35931744	n/a	106	26897178	14.35931778	non-cluster	1	['26897178']	1	['g17455']
	chromosome_17	3214284	A>T	SNP	./S26/	0	0	0	1	0	0	0	0	0	0	0	0	0	0	.	n/a	NA	NA	NA	non-cluster	0	NA	0	NA
Cre17.g724650	chromosome_17	3446676	G>A	SNP	./S25/	1	0	1	0	0	0	0	0	0	0	0	1	0	0	.	n/a	110	26897415	0.042751007	non-cluster	0	NA	0	NA
g17581	chromosome_17	3716134	C>A	SNP	./S26/	1	1	0	0	0	0	0	0	1	0	1	1	0	0	2.307719107	nonsynonymous	105	26897152	2.307718992	non-cluster	1	['26897152']	0	NA
g17581	chromosome_17	3716135	C>T	SNP	./S26/	1	1	0	0	0	0	0	0	1	0	1	1	0	0	2.307719107		105	26897152	2.307718992	cluster	1	['26897152']	0	NA
	chromosome_17	4862777	C>G	SNP	./S31/	0	0	0	1	0	0	0	0	0	0	0	0	0	0	.	n/a	NA	NA	NA	non-cluster	0	NA	0	NA
Cre17.g738150	chromosome_17	5637217	G>GTGGT	indel	./S26/	1	0	1	0	0	0	0	0	0	0	0	1	0	0	.	n/a	99	26896514	2.570091009	non-cluster	1	['26896514']	0	NA
Cre17.g738150	chromosome_17	5637224	AC>A	indel	./S26/	1	0	1	0	0	0	0	0	0	0	0	1	0	0	.	n/a	99	26896514	2.570091009	cluster	1	['26896514']	0	NA
Cre17.g738250	chromosome_17	5644133	GGC>G	indel	./S26/	1	0	1	0	0	0	0	0	0	0	0	1	0	0	.	n/a	95	26896313	1.855896235	non-cluster	1	['26896313']	0	NA
g17861	chromosome_17	5656777	C>CA	indel	./S26/	1	0	1	0	0	0	0	0	0	0	0	1	0	0	.	n/a	104	26897076	13.93396187	non-cluster	1	['26897076']	0	NA
g17861	chromosome_17	5656782	ACC>A	indel	./S26/	1	0	1	0	0	0	0	0	0	0	0	1	0	0	.	n/a	104	26897076	13.93396187	cluster	1	['26897076']	0	NA
g17865	chromosome_17	5681407	T>TCG	indel	./S26/	1	1	0	0	0	1	0	0	0	0	0	1	0	0	1.081680001	n/a	92	26896229	1.081680059	non-cluster	1	['26896229']	0	NA
Cre17.g740750	chromosome_17	6016166	T>G	SNP	./S30/	1	1	0	0	0	1	0	0	0	0	0	1	0	0	3.064522764	n/a	100	26896525	3.064522743	non-cluster	1	['26896525']	0	NA
Cre17.g740750	chromosome_17	6016229	A>G	SNP	./S30/	1	1	0	0	0	1	0	0	0	0	0	1	0	0	3.064522764	n/a	100	26896525	3.064522743	non-cluster	1	['26896525']	0	NA
Cre17.g740800	chromosome_17	6017175	C>A	SNP	./S30/	1	0	1	0	0	0	0	0	0	0	0	1	0	0	.	n/a	98	26896439	0	non-cluster	0	NA	0	NA
Cre17.g740800	chromosome_17	6017199	G>A	SNP	./S30/	1	0	1	0	0	0	0	0	0	0	0	1	0	0	.	n/a	98	26896439	0	non-cluster	0	NA	0	NA
Cre17.g740800	chromosome_17	6017493	TGCC>T	indel	./S30/	1	0	1	0	0	0	0	0	0	0	0	1	0	0	.	n/a	98	26896439	0	non-cluster	0	NA	0	NA
Cre17.g740800	chromosome_17	6021262	A>T	SNP	./S30/	1	1	0	0	0	1	0	0	0	0	0	1	0	0	0	n/a	98	26896439	0	non-cluster	0	NA	0	NA
Cre17.g740850	chromosome_17	6025074	C>A	SNP	./S30/	1	1	0	0	0	0	0	0	1	0	1	1	0	0	3.990145011	nonsynonymous	103	26897061	3.990144968	non-cluster	1	['26897061']	0	NA
Cre17.g740850	chromosome_17	6025075	T>A	SNP	./S30/	1	1	0	0	0	0	1	0	0	0	1	1	0	0	3.990145011	nonsynonymous	103	26897061	3.990144968	cluster	1	['26897061']	0	NA
Cre17.g740850	chromosome_17	6025081	G>T	SNP	./S30/	1	1	0	0	0	0	1	0	0	0	1	1	0	0	3.990145011	nonsynonymous	103	26897061	3.990144968	cluster	1	['26897061']	0	NA
Cre17.g740850	chromosome_17	6025082	G>C	SNP	./S30/	1	1	0	0	0	0	1	0	0	0	1	1	0	0	3.990145011	nonsynonymous	103	26897061	3.990144968	cluster	1	['26897061']	0	NA
Cre17.g740850	chromosome_17	6025083	C>G	SNP	./S30/	1	1	0	0	0	0	0	1	0	0	1	1	0	0	3.990145011	synonymous	103	26897061	3.990144968	cluster	1	['26897061']	0	NA
Cre17.g740850	chromosome_17	6026249	C>T	SNP	./S30/	1	1	0	0	0	0	1	0	0	0	1	1	0	0	3.990145011	nonsynonymous	103	26897061	3.990144968	non-cluster	1	['26897061']	0	NA
g18042	chromosome_17	6993581	C>T	SNP	./S24	1	1	0	0	0	0	1	0	0	0	1	1	0	0	0.540522015	nonsynonymous	107	26897203	0.540522039	non-cluster	0	NA	0	NA
	chromosome_2	1158590	C>CGT	indel	./S24	0	0	0	1	0	0	0	0	0	0	0	0	0	0	.	n/a	NA	NA	NA	non-cluster	0	NA	0	NA
Cre02.g084050	chromosome_2	1488627	ACGGCTTCACGGAGGG>A	indel	SL1	1	1	0	0	0	1	0	0	0	1	1	0	0	0	7.06451368	n/a	NA	NA	NA	non-cluster	0	NA	0	NA
g1640	chromosome_2	1966026	C>T	SNP	./S31/	1	1	0	0	0	1	0	0	0	0	0	1	0	0	6.210927291	n/a	156	26900518	6.210927486	non-cluster	1	['26900518']	1	['g1640']
g1640	chromosome_2	1966027	T>G	SNP	./S31/	1	1	0	0	0	1	0	0	0	0	0	1	0	0	6.210927291	n/a	156	26900518	6.210927486	cluster	1	['26900518']	1	['g1640']
g1640	chromosome_2	1966029	T>TGGAAC	indel	./S31/	1	1	0	0	0	1	0	0	0	0	0	1	0	0	6.210927291	n/a	156	26900518	6.210927486	cluster	1	['26900518']	1	['g1640']
g1640	chromosome_2	1966031	T>A	SNP	./S31/	1	1	0	0	0	1	0	0	0	0	0	1	0	0	6.210927291	n/a	156	26900518	6.210927486	cluster	1	['26900518']	1	['g1640']
Cre02.g091550	chromosome_2	2435737	A>ACG	indel	./S25/	1	0	1	0	0	0	0	0	0	0	0	1	0	0	.	n/a	166	26901054	15.45926476	non-cluster	1	['26901054']	0	NA
g1863	chromosome_2	3321307	C>A	SNP	./S30/	1	0	1	0	0	0	0	0	0	0	0	1	0	0	.	n/a	159	26900856	8.05430603	non-cluster	1	['26900856']	1	['g1863']
g1900	chromosome_2	3534525	C>A	SNP	./S26/	1	1	0	0	1	0	0	0	0	0	0	1	0	0	1.906817871	n/a	153	26900441	1.906817913	non-cluster	1	['26900441']	0	NA
	chromosome_2	4770118	C>CACAAAT	indel	./S26/	0	0	0	1	0	0	0	0	0	0	0	0	0	0	.	n/a	NA	NA	NA	non-cluster	0	NA	0	NA
Cre02.g110750	chromosome_2	5788457	G>T	SNP	./S26/	1	1	0	0	0	0	0	1	0	0	1	1	0	0	6.382479485	synonymous	161	26900888	6.382479668	non-cluster	1	['26900888']	0	NA
	chromosome_2	5789568	A>AC	indel	./S27/	0	0	0	1	0	0	0	0	0	0	0	0	0	0	.	n/a	NA	NA	NA	non-cluster	0	NA	0	NA
	chromosome_2	6086279	T>A	SNP	./S24	0	0	0	1	0	0	0	0	0	0	0	0	0	0	.	n/a	NA	NA	NA	non-cluster	0	NA	0	NA
Cre02.g120100	chromosome_2	6939210	C>A	SNP	./S31/	1	0	1	0	0	0	0	0	0	0	0	1	0	0	.	n/a	149	26900119	918.8065186	non-cluster	1	['26900119']	0	NA
	chromosome_2	7696095	A>AGGCTGTGGTG	indel	./S29	0	0	0	1	0	0	0	0	0	0	0	0	0	0	.	n/a	NA	NA	NA	non-cluster	0	NA	0	NA
Cre03.g153950	chromosome_3	1761622	G>A	SNP	./S21/	1	1	0	0	0	0	1	0	0	0	1	1	0	0	0.454723207	nonsynonymous	192	26901994	0.454723209	non-cluster	0	NA	0	NA
	chromosome_3	1921861	GC>G	indel	./S31/	0	0	0	1	0	0	0	0	0	0	0	0	0	0	.	n/a	NA	NA	NA	non-cluster	0	NA	0	NA
	chromosome_3	1921864	CGTGCCA>C	indel	./S31/	0	0	0	1	0	0	0	0	0	0	0	0	0	0	.	n/a	NA	NA	NA	cluster	0	NA	0	NA
Cre03.g155900	chromosome_3	1995107	C>G	SNP	./S21/	1	0	1	0	0	0	0	0	0	0	0	1	0	0	.	n/a	198	26902301	6.822809696	non-cluster	1	['26902301']	0	NA
Cre03.g169700	chromosome_3	3736576	G>C	SNP	./S30/	1	1	0	0	0	0	1	0	0	0	1	1	0	0	4.263950714	nonsynonymous	180	26901590	4.263950825	non-cluster	1	['26901590']	0	NA
Cre03.g169850	chromosome_3	3752207	C>T	SNP	SL2	1	0	1	0	0	0	0	0	0	0	1	0	0	0	9.27042675	n/a	203	26902519	9.27042675	non-cluster	1	['26902519']	0	NA
Cre03.g170150	chromosome_3	3781073	C>G	SNP	./S26/	1	1	0	0	0	0	1	0	0	0	1	1	0	0	0.370780564	nonsynonymous	171	26901344	0.370780557	non-cluster	0	NA	0	NA
	chromosome_3	3783867	G>A	SNP	./S26/	0	0	0	1	0	0	0	0	0	0	0	0	0	0	.	n/a	NA	NA	NA	non-cluster	0	NA	0	NA
Cre03.g175650	chromosome_3	4431299	G>A	SNP	./S25/	1	1	0	0	0	0	0	0	1	0	1	1	0	0	3.764975799	synonymous	195	26902224	3.764975786	non-cluster	1	['26902224']	0	NA
Cre03.g175650	chromosome_3	4431305	G>GAT	indel	./S31/	1	1	0	0	0	0	1	0	0	0	1	1	0	0	3.764975799	n/a	195	26902224	3.764975786	cluster	1	['26902224']	0	NA
Cre03.g179250	chromosome_3	4863122	G>T	SNP	./S30/	1	1	0	0	0	1	0	0	0	0	0	1	0	0	6.633296367	n/a	185	26901749	6.63329649	non-cluster	1	['26901749']	0	NA
g3802	chromosome_3	5280766	C>CTGGCTA	indel	./S29	1	1	0	0	0	0	1	0	0	0	1	1	0	0	1.168826558	n/a	186	26901796	1.16882658	non-cluster	1	['26901796']	0	NA
Cre03.g185500	chromosome_3	5480141	T>C	SNP	SL2	1	1	0	0	0	1	0	0	0	1	1	0	0	0	4.86581898	nonsynonymous	188	26901887	4.865818977	non-cluster	1	['26901887']	1	['Cre03.g185500']
Cre03.g189605	chromosome_3	5871192	T>A	SNP	./S30/	1	1	0	0	0	1	0	0	0	0	0	1	0	0	2.594652944	n/a	190	26901951	2.594652891	non-cluster	1	['26901951']	0	NA
Cre03.g190750	chromosome_3	6002640	T>G	SNP	./S30/	1	1	0	0	0	0	1	0	0	0	1	1	0	0	1.714362382	nonsynonymous	194	26902072	1.714362383	non-cluster	1	['26902072']	0	NA
Cre03.g191500	chromosome_3	6079406	G>A	SNP	./S21/	1	0	1	0	0	0	0	0	0	0	0	1	0	0	.	n/a	199	26902340	1.325729489	non-cluster	1	['26902340']	0	NA
Cre03.g197350	chromosome_3	6676922	T>C	SNP	./S31/	1	1	0	0	1	0	0	0	0	0	0	1	0	0	9.386544017	n/a	168	26901178	9.386544228	non-cluster	1	['26901178']	0	NA
Cre03.g201150	chromosome_3	8071358	G>T	SNP	./S26/	1	1	0	0	0	0	0	0	1	0	1	1	0	0	10.47864697	synonymous	173	26901487	10.47864723	non-cluster	1	['26901487']	0	NA
g4380	chromosome_3	8531989	T>G	SNP	./S26/	1	1	0	0	0	0	1	0	0	0	1	1	0	0	0.61299659	nonsynonymous	179	26901552	0.612996578	non-cluster	0	NA	0	NA
g4469	chromosome_3	9099436	A>T	SNP	./S26/	1	1	0	0	0	1	0	0	0	0	0	1	0	0	5.943537114	n/a	202	26902427	5.943537235	non-cluster	1	['26902427']	0	NA
Cre04.g216900	chromosome_4	148028	C>T	SNP	./S26/	1	1	0	0	0	1	0	0	0	0	0	1	0	0	5.203597059	n/a	300	26905932	5.203597069	non-cluster	1	['26905932']	0	NA
	chromosome_4	1767198	C>G	SNP	./S26/	0	0	0	1	0	0	0	0	0	0	0	0	0	0	.	n/a	NA	NA	NA	non-cluster	0	NA	0	NA
g5140	chromosome_5	619006	G>C	SNP	SL1	1	1	0	0	0	0	0	0	0	0	1	0	0	0	3.57112503	n/a	128	26898072	3.571125031	non-cluster	1	['26898072']	0	NA
Cre05.g245700	chromosome_5	1145933	C>T	SNP	./S29	1	1	0	0	0	1	0	0	0	0	0	1	0	0	9.842150935	n/a	123	26897974	9.842150688	non-cluster	1	['26897974']	1	['Cre05.g245700']
Cre05.g245700	chromosome_5	1145934	C>T	SNP	./S29	1	1	0	0	0	1	0	0	0	0	0	1	0	0	9.842150935	n/a	123	26897974	9.842150688	cluster	1	['26897974']	1	['Cre05.g245700']
Cre05.g245700	chromosome_5	1145935	A>C	SNP	./S29	1	1	0	0	0	1	0	0	0	0	0	1	0	0	9.842150935	n/a	123	26897974	9.842150688	cluster	1	['26897974']	1	['Cre05.g245700']
Cre05.g244236	chromosome_5	1412799	G>A	SNP	./S25/	1	0	1	0	0	0	0	0	0	0	0	1	0	0	.	n/a	117	26897747	2.825916052	non-cluster	1	['26897747']	0	NA
	chromosome_5	1793094	C>A	SNP	./S25/	0	0	0	1	0	0	0	0	0	0	0	0	0	0	.	n/a	NA	NA	NA	non-cluster	0	NA	0	NA
g5391	chromosome_5	2315498	C>T	SNP	SL1	1	0	1	0	0	0	0	0	0	0	1	0	0	0	0.79572356	n/a	116	26897662	0.795723557	non-cluster	0	NA	0	NA
Cre05.g236950	chromosome_5	2771262	A>T	SNP	SL1	1	0	1	0	0	0	0	0	0	0	1	0	0	0	0.90020686	n/a	125	26898030	0.900206864	non-cluster	0	NA	0	NA
	chromosome_5	2981120	G>GCTGTA	indel	./S31/	0	0	0	1	0	0	0	0	0	0	0	0	0	0	.	n/a	NA	NA	NA	non-cluster	0	NA	0	NA
Cre05.g240650	chromosome_5	3342923	C>T	SNP	./S27/	1	1	0	0	0	0	1	0	0	0	1	1	0	0	0.91985455	nonsynonymous	126	26898037	0.919854522	non-cluster	0	NA	0	NA
	chromosome_6	227790	C>T	SNP	./S25/	0	0	0	1	0	0	0	0	0	0	0	0	0	0	.	n/a	NA	NA	NA	non-cluster	0	NA	0	NA
Cre06.g251050	chromosome_6	297180	T>C	SNP	./S25/	1	0	1	0	0	0	0	0	0	0	0	1	0	0	.	n/a	65	26894655	3.359747887	non-cluster	1	['26894655']	0	NA
Cre06.g257000	chromosome_6	1135059	GGCGGCAGGCCA>G	indel	SL1	1	1	0	0	0	0	0	0	0	0	1	0	0	0	2.86788297	n/a	NA	NA	NA	non-cluster	0	NA	0	NA
	chromosome_6	1520734	T>A	SNP	./S21/	0	0	0	1	0	0	0	0	0	0	0	0	0	0	.	n/a	NA	NA	NA	non-cluster	0	NA	0	NA
Cre06.g261100	chromosome_6	1674144	C>G	SNP	./S25/	1	1	0	0	0	1	0	0	0	0	0	1	0	0	0.244921151	n/a	40	26893273	0.244921148	non-cluster	0	NA	0	NA
Cre06.g268600	chromosome_6	2442183	T>C	SNP	./S23/	1	1	0	0	0	1	0	0	0	0	0	1	0	0	0.152930178	n/a	61	26894329	0.152930185	non-cluster	0	NA	0	NA
Cre06.g273550	chromosome_6	2999962	C>A	SNP	./S25/	1	0	1	0	0	0	0	0	0	0	0	1	0	0	.	n/a	46	26893693	28.45248795	non-cluster	1	['26893693']	0	NA
	chromosome_6	3578534	T>G	SNP	./S26/	0	0	0	1	0	0	0	0	0	0	0	0	0	0	.	n/a	NA	NA	NA	non-cluster	0	NA	0	NA
	chromosome_6	4857979	G>A	SNP	./S21/	0	0	0	1	0	0	0	0	0	0	0	0	0	0	.	n/a	NA	NA	NA	non-cluster	0	NA	0	NA
Cre06.g287850	chromosome_6	5841308	C>T	SNP	./S30/	1	1	1	0	1	0	0	0	0	0	0	1	0	0	0.954890669	n/a	59	26894233	6.150556087	non-cluster	1	['26894233']	0	NA
Cre06.g287950	chromosome_6	5858591	G>A	SNP	./S30/	1	0	1	0	0	0	0	0	0	0	0	1	0	0	.	n/a	55	26893968	0.816108823	non-cluster	0	NA	0	NA
Cre06.g288000	chromosome_6	5869655	C>CCCACGAGCG	indel	./S30/	1	1	0	0	1	0	0	0	0	0	0	1	0	0	0.522765776	n/a	64	26894582	0.522765756	non-cluster	0	NA	0	NA
	chromosome_6	5875185	C>G	SNP	./S30/	0	0	0	1	0	0	0	0	0	0	0	0	0	0	.	n/a	NA	NA	NA	non-cluster	0	NA	0	NA
Cre06.g288050	chromosome_6	5878356	G>C	SNP	./S30/	1	0	1	0	0	0	0	0	0	0	0	1	0	0	.	n/a	51	26893817	2.329984188	non-cluster	1	['26893817']	0	NA
Cre06.g288050	chromosome_6	5878369	G>C	SNP	./S30/	1	0	1	0	0	0	0	0	0	0	0	1	0	0	.	n/a	51	26893817	2.329984188	non-cluster	1	['26893817']	0	NA
Cre06.g288150	chromosome_6	5883261	G>T	SNP	./S30/	1	1	0	0	0	1	0	0	0	0	0	1	0	0	0.054287525	n/a	42	26893369	0.054287523	non-cluster	0	NA	0	NA
Cre06.g288150	chromosome_6	5883385	C>T	SNP	./S30/	1	1	0	0	0	1	0	0	0	0	0	1	0	0	0.054287525	n/a	42	26893369	0.054287523	non-cluster	0	NA	0	NA
Cre06.g288150	chromosome_6	5883821	C>CA	indel	./S30/	1	1	0	0	0	1	0	0	0	0	0	1	0	0	0.054287525	n/a	42	26893369	0.054287523	non-cluster	0	NA	0	NA
Cre06.g288150	chromosome_6	5883924	T>G	SNP	./S30/	1	1	0	0	0	1	0	0	0	0	0	1	0	0	0.054287525	n/a	42	26893369	0.054287523	non-cluster	0	NA	0	NA
Cre06.g288150	chromosome_6	5884690	G>A	SNP	./S30/	1	1	0	0	0	0	0	1	0	0	1	1	0	0	0.054287525	synonymous	42	26893369	0.054287523	non-cluster	0	NA	0	NA
Cre06.g288150	chromosome_6	5886790	G>C	SNP	./S30/	1	0	1	0	0	0	0	0	0	0	0	1	0	0	.	n/a	42	26893369	0.054287523	non-cluster	0	NA	0	NA
	chromosome_6	5887684	A>G	SNP	./S30/	0	0	0	1	0	0	0	0	0	0	0	0	0	0	.	n/a	NA	NA	NA	non-cluster	0	NA	0	NA
	chromosome_6	5887700	A>G	SNP	./S30/	0	0	0	1	0	0	0	0	0	0	0	0	0	0	.	n/a	NA	NA	NA	non-cluster	0	NA	0	NA
	chromosome_6	5887704	G>GC	indel	./S30/	0	0	0	1	0	0	0	0	0	0	0	0	0	0	.	n/a	NA	NA	NA	cluster	0	NA	0	NA
	chromosome_6	5887840	C>G	SNP	./S30/	0	0	0	1	0	0	0	0	0	0	0	0	0	0	.	n/a	NA	NA	NA	non-cluster	0	NA	0	NA
	chromosome_6	5887953	T>A	SNP	./S30/	0	0	0	1	0	0	0	0	0	0	0	0	0	0	.	n/a	NA	NA	NA	non-cluster	0	NA	0	NA
	chromosome_6	5888056	C>T	SNP	./S30/	0	0	0	1	0	0	0	0	0	0	0	0	0	0	.	n/a	NA	NA	NA	non-cluster	0	NA	0	NA
	chromosome_6	5888168	A>AGCCGG	indel	./S30/	0	0	0	1	0	0	0	0	0	0	0	0	0	0	.	n/a	NA	NA	NA	non-cluster	0	NA	0	NA
	chromosome_6	5888175	C>T	SNP	./S30/	0	0	0	1	0	0	0	0	0	0	0	0	0	0	.	n/a	NA	NA	NA	cluster	0	NA	0	NA
g6692	chromosome_6	5888376	C>CGT	indel	./S30/	1	1	0	0	0	1	0	0	0	0	0	1	0	0	0.022038031	n/a	54	26893951	0.022038031	non-cluster	0	NA	0	NA
g6692	chromosome_6	5888406	C>CGA	indel	./S21/	1	1	0	0	0	1	0	0	0	0	0	1	0	0	0.022038031	n/a	54	26893951	0.022038031	non-cluster	0	NA	0	NA
g6692	chromosome_6	5889120	T>TG	indel	./S30/	1	1	0	0	0	1	0	0	0	0	0	1	0	0	0.022038031	n/a	54	26893951	0.022038031	non-cluster	0	NA	0	NA
g6692	chromosome_6	5889335	C>A	SNP	./S30/	1	1	0	0	0	0	1	0	0	0	1	1	0	0	0.022038031	nonsynonymous	54	26893951	0.022038031	non-cluster	0	NA	0	NA
Cre06.g289000	chromosome_6	5976434	G>A	SNP	./S26/	1	1	0	0	0	0	0	0	1	0	1	1	0	0	0.030885522	synonymous	35	26893109	0.030885523	non-cluster	0	NA	0	NA
g6744	chromosome_6	6249462	C>T	SNP	./S23/	1	1	0	0	0	0	1	0	0	0	1	1	0	0	1389.630767	nonsynonymous	58	26894213	1389.630737	non-cluster	1	['26894213']	0	NA
Cre06.g292400	chromosome_6	6423826	C>CTG	indel	./S29	1	0	1	0	0	0	0	0	0	0	0	1	0	0	.	n/a	37	26893158	6.366075039	non-cluster	1	['26893158']	0	NA
Cre06.g292400	chromosome_6	6423838	G>GGGGCACTCC	indel	./S29	1	0	1	0	0	0	0	0	0	0	0	1	0	0	.	n/a	37	26893158	6.366075039	non-cluster	1	['26893158']	0	NA
Cre06.g298750	chromosome_6	7304760	T>C	SNP	./S21/	1	0	1	0	0	0	0	0	0	0	0	1	0	0	.	n/a	62	26894428	3.144426584	non-cluster	1	['26894428']	1	['Cre06.g298750']
Cre06.g308200	chromosome_6	8543974	T>C	SNP	./S21/	1	1	0	0	0	1	0	0	0	0	0	1	0	0	8.42660495	n/a	60	26894243	8.426605225	non-cluster	1	['26894243']	0	NA
g7142	chromosome_6	8573074	A>G	SNP	./S29	1	1	0	0	1	0	0	0	0	0	0	1	0	0	2.993854629	n/a	63	26894579	2.993854523	non-cluster	1	['26894579']	0	NA
g7164	chromosome_6	8690333	G>A	SNP	./S26/	1	0	1	0	0	0	0	0	0	0	0	1	0	0	.	n/a	44	26893479	0.215977237	non-cluster	0	NA	0	NA
Cre07.g321000	chromosome_7	1188864	C>A	SNP	./S26/	1	1	0	0	0	1	0	0	0	0	0	1	0	0	4.629401713	n/a	18	26889521	4.629401684	non-cluster	1	['26889521']	1	['Cre07.g321000']
Cre07.g322884	chromosome_7	1406765	A>G	SNP	./S27/	1	1	0	0	0	1	0	0	0	0	0	1	0	0	0.04270787	n/a	19	26889643	1.409401178	non-cluster	1	['26889643']	0	NA
g7713	chromosome_7	2790763	T>C	SNP	./S29	1	1	0	0	0	1	0	0	0	0	0	1	0	0	10.43453365	n/a	14	26889147	10.43453407	non-cluster	1	['26889147']	0	NA
Cre07.g338950	chromosome_7	3875281	G>C	SNP	./S27/	1	1	0	0	1	0	0	0	0	0	0	1	0	0	23.68494039	n/a	17	26889476	23.68494034	non-cluster	1	['26889476']	0	NA
Cre07.g342200	chromosome_7	4195828	A>T	SNP	./S26/	1	1	0	0	0	0	1	0	0	0	1	1	0	0	23.55318055	nonsynonymous	10	26888951	23.55318069	non-cluster	1	['26888951']	0	NA
Cre07.g344900	chromosome_7	4701279	C>T	SNP	./S30/	1	1	0	0	0	1	0	0	0	0	0	1	0	0	1.614421549	n/a	20	26889654	1.848065734	non-cluster	1	['26889654']	0	NA
	chromosome_7	4725355	A>G	SNP	./S30/	0	0	0	1	0	0	0	0	0	0	0	0	0	0	.	n/a	NA	NA	NA	non-cluster	0	NA	0	NA
Cre07.g345150	chromosome_7	4727293	T>C	SNP	./S30/	1	1	0	0	0	1	0	0	0	0	0	1	0	0	1.033401258	n/a	11	26888957	1.033401251	non-cluster	1	['26888957']	0	NA
Cre07.g345200	chromosome_7	4731922	A>G	SNP	./S30/	1	1	0	0	0	0	0	1	0	0	1	1	0	0	0.490426451	synonymous	15	26889197	0.490426451	non-cluster	0	NA	0	NA
Cre07.g345200	chromosome_7	4733979	C>CT	indel	./S30/	1	1	0	0	0	1	0	0	0	0	0	1	0	0	0.490426451	n/a	15	26889197	0.490426451	non-cluster	0	NA	0	NA
Cre07.g346050	chromosome_7	4869102	G>T	SNP	./S31/	1	0	1	0	0	0	0	0	0	0	0	1	0	0	.	n/a	12	26889106	1.848963022	non-cluster	1	['26889106']	0	NA
Cre08.g358400	chromosome_8	33324	C>T	SNP	./S30/	1	0	1	0	0	0	0	0	0	0	0	1	0	0	.	n/a	8	26888742	0.271632403	non-cluster	0	NA	0	NA
Cre08.g358400	chromosome_8	33983	T>TA	indel	./S31/	1	1	0	0	0	0	1	0	0	0	1	1	0	0	0.271632392	n/a	8	26888742	0.271632403	non-cluster	0	NA	0	NA
Cre08.g359350	chromosome_8	557826	C>CAA	indel	./S26/	1	0	1	0	0	0	0	0	0	0	0	1	0	0	.	n/a	5	26888446	32.03979874	non-cluster	1	['26888446']	0	NA
Cre08.g360564	chromosome_8	760420	G>C	SNP	./S29	1	1	0	0	0	0	1	0	0	0	1	1	0	0	1.533294659	nonsynonymous	1	26888020	1.533294678	non-cluster	1	['26888020']	0	NA
Cre08.g362650	chromosome_8	1131421	A>G	SNP	./S31/	1	0	1	0	0	0	0	0	0	0	0	1	0	0	.	n/a	3	26888200	12.5999527	non-cluster	1	['26888200']	1	['Cre08.g362650']
Cre08.g370750	chromosome_8	2349588	G>T	SNP	./S27/	1	0	1	0	0	0	0	0	0	0	0	1	0	0	.	n/a	7	26888739	0.025296208	non-cluster	0	NA	0	NA
Cre08.g376250	chromosome_8	3632457	G>A	SNP	./S26/	1	1	0	0	0	0	0	0	1	0	1	1	0	0	0.014731042	synonymous	2	26888168	0.014731042	non-cluster	0	NA	0	NA
Cre08.g377950	chromosome_8	3878571	C>T	SNP	./S26/	1	1	0	0	0	1	0	0	0	0	0	1	0	0	24.72569854	n/a	4	26888320	24.72569847	non-cluster	1	['26888320']	1	['Cre08.g377950']
Cre08.g377950	chromosome_8	3878576	T>A	SNP	./S26/	1	1	0	0	0	1	0	0	0	0	0	1	0	0	24.72569854	n/a	4	26888320	24.72569847	cluster	1	['26888320']	1	['Cre08.g377950']
g9096	chromosome_9	58909	C>G	SNP	SL2	1	1	0	0	0	0	0	0	0	0	1	0	0	0	2.58553338	n/a	70	26894819	2.585533381	non-cluster	1	['26894819']	1	['g9096']
Cre09.g403350	chromosome_9	641498	G>A	SNP	SL2	1	1	0	0	0	1	0	0	0	1	1	0	0	0	3.58804107	nonsynonymous	88	26895964	3.588041067	non-cluster	1	['26895964']	0	NA
Cre09.g402950	chromosome_9	679373	C>T	SNP	./S26/	1	1	0	0	0	1	0	0	0	0	0	1	0	0	2.452103066	n/a	75	26895160	2.452103138	non-cluster	1	['26895160']	0	NA
Cre09.g398900	chromosome_9	1317662	G>C	SNP	./S26/	1	0	1	0	0	0	0	0	0	0	0	1	0	0	.	n/a	86	26895950	354.7634888	non-cluster	1	['26895950']	0	NA
Cre09.g394850	chromosome_9	1965808	C>T	SNP	./S26/	1	1	0	0	0	1	0	0	0	0	0	1	0	0	9.609079591	n/a	74	26895156	9.609079361	non-cluster	1	['26895156']	0	NA
Cre09.g393000	chromosome_9	2201031	C>T	SNP	./S26/	1	1	0	0	0	1	0	0	0	0	0	1	0	0	2.03321937	n/a	87	26895957	2.033219337	non-cluster	1	['26895957']	0	NA
	chromosome_9	2437695	T>G	SNP	./S21/	0	0	0	1	0	0	0	0	0	0	0	0	0	0	.	n/a	NA	NA	NA	non-cluster	0	NA	0	NA
Cre09.g390700	chromosome_9	2570507	A>AGTT	indel	./S30/	1	0	1	0	0	0	0	0	0	0	0	1	0	0	.	n/a	76	26895194	0.079281203	non-cluster	0	NA	0	NA
	chromosome_9	2571047	C>CA	indel	./S30/	0	0	0	1	0	0	0	0	0	0	0	0	0	0	.	n/a	NA	NA	NA	non-cluster	0	NA	0	NA
	chromosome_9	2572905	GCAAT>G	indel	./S30/	0	0	0	1	0	0	0	0	0	0	0	0	0	0	.	n/a	NA	NA	NA	non-cluster	0	NA	0	NA
Cre09.g390600	chromosome_9	2575102	A>AG	indel	./S30/	1	0	1	0	0	0	0	0	0	0	0	1	0	0	.	n/a	80	26895336	1.469722867	non-cluster	1	['26895336']	0	NA
	chromosome_9	3485483	G>T	SNP	./S23/	0	0	0	1	0	0	0	0	0	0	0	0	0	0	.	n/a	NA	NA	NA	non-cluster	0	NA	0	NA
g9651	chromosome_9	3513675	T>A	SNP	./S30/	1	1	0	0	1	0	0	0	0	0	0	1	0	0	5.380080164	n/a	79	26895320	5.380080223	non-cluster	1	['26895320']	0	NA
	chromosome_9	3561407	T>TA	indel	./S31/	0	0	0	1	0	0	0	0	0	0	0	0	0	0	.	n/a	NA	NA	NA	non-cluster	0	NA	0	NA
g9671	chromosome_9	3657057	C>CG	indel	./S26/	1	0	1	0	0	0	0	0	0	0	0	1	0	0	.	n/a	82	26895614	6.584063053	non-cluster	1	['26895614']	1	['g9671']
g9746	chromosome_9	4036158	C>T	SNP	SL2	1	1	0	0	0	1	0	0	0	1	1	0	0	0	36.50066757	nonsynonymous	NA	NA	NA	non-cluster	0	NA	0	NA
g9812	chromosome_9	4426697	G>T	SNP	./S26/	1	1	0	0	1	0	0	0	0	0	0	1	0	0	0.364522278	n/a	85	26895944	0.364522278	non-cluster	0	NA	0	NA
g9971	chromosome_9	5563836	C>A	SNP	./S26/	1	0	1	0	0	0	0	0	0	0	0	1	0	0	.	n/a	71	26894978	34.09274292	non-cluster	1	['26894978']	1	['g9971']
g10018	chromosome_9	5883707	T>TGTAG	indel	./S26/	1	1	0	0	0	0	0	1	0	0	1	1	0	0	0.15541892	n/a	90	26896098	0.155418918	non-cluster	0	NA	0	NA
g10018	chromosome_9	5883712	G>GTAGCAA	indel	./S23/	1	1	0	0	0	0	1	0	0	0	1	1	0	0	0.15541892	n/a	90	26896098	0.155418918	cluster	0	NA	0	NA
g10051	chromosome_9	6136084	C>CCATT	indel	./S29	1	1	0	0	0	0	1	0	0	0	1	1	0	0	0	n/a	72	26895037	0	non-cluster	0	NA	0	NA
Cre09.g410050	chromosome_9	6866435	A>G	SNP	./S26/	1	0	1	0	0	0	0	0	0	0	0	1	0	0	.	n/a	89	26896075	28.87325096	non-cluster	1	['26896075']	1	['Cre09.g410050']
Cre09.g414000	chromosome_9	7511327	A>T	SNP	./S26/	1	1	0	0	0	1	0	0	0	0	0	1	0	0	4.920954233	n/a	73	26895112	4.920954227	non-cluster	1	['26895112']	0	NA
Cre09.g415750	chromosome_9	7707650	A>C	SNP	./S26/	1	1	0	0	1	0	0	0	0	0	0	1	0	0	9.976346097	n/a	81	26895451	9.976346016	non-cluster	1	['26895451']	0	NA
